iteracoes,heapAntesMiB,heapSemTimerMiB,heapCorrigidoMiB,buffersAntesMiB,buffersSemTimerMiB,buffersCorrigidoMiB,entradasCorrigidas
0,2.59,2.59,2.58,0.01,0.01,0.01,0
200,2.97,2.92,2.86,100.01,100.01,39.01,20
400,3.09,2.99,2.86,200.01,200.01,10.01,20
600,3.19,3.05,2.86,300.01,300.01,38.51,20
800,3.32,3.14,2.86,400.01,400.01,10.01,20
1000,3.31,3.08,2.86,500.01,500.01,38.51,20
1200,3.4,3.13,2.86,600.01,600.01,10.01,20
1400,3.67,3.26,2.86,700.01,700.01,10.01,20
1600,3.66,3.3,2.86,800.01,800.01,29.01,20
1800,3.82,3.6,2.87,900.01,900.01,10.01,20
2000,3.88,3.44,2.88,1000.01,1000.01,10.01,20
